{"src/aac.cpp": 1734767288.9520018, "src/list.cpp": 1733898286.94513, "src/utils.cpp": 1734807343.3002856, "src/cell.cpp": 1734811711.045029, "src/board.cpp": 1734807250.3598535}