{"src/aac.cpp": 1746867905.2812183, "src/list.cpp": 1743865589.0354934, "src/utils.cpp": 1743944823.5116293, "src/cell.cpp": 1746905261.932288, "src/board.cpp": 1746091622.0528967, "src/resman.cpp": 1746867845.5684934, "src/rlclay.cpp": 1746091621.9292705, "src/clay.cpp": 1746091621.7693303, "src/proc.cpp": 1746091623.431211, "src/webcolor.cpp": 1746091621.7682662, "src/theme.cpp": 1746091621.930633, "src/ini.cpp": 1743178737.1663723, "src/options.cpp": 1744007756.7723188, "src/tts.cpp": 1746091623.4311676, "src/settings.cpp": 1746905673.3870785, "src/shared/list.cpp": 1746179013.9020782, "src/shared/utils.cpp": 1746179013.9040782, "src/globals.cpp": 1746865524.5425997, "src/logging.cpp": 1746865353.449033}