{"src/aac.cpp": 1737463545.3863516, "src/list.cpp": 1735767690.6056006, "src/utils.cpp": 1737463355.9791362, "src/cell.cpp": 1737464092.9003372, "src/board.cpp": 1737464508.9519203, "src/resman.cpp": 1737463607.5122032, "src/rlclay.cpp": 1735986041.9530842, "src/clay.cpp": 1735844177.4424248, "src/proc.cpp": 1735984489.3760808, "src/webcolor.cpp": 1736709512.2822363}