{"src/aac.cpp": 1742381264.995918, "src/list.cpp": 1741262444.557618, "src/utils.cpp": 1741262444.566836, "src/cell.cpp": 1742239660.0404649, "src/board.cpp": 1742660484.2614594, "src/resman.cpp": 1742660118.5159266, "src/rlclay.cpp": 1741262444.5674155, "src/clay.cpp": 1741262444.557225, "src/proc.cpp": 1742240010.8671217, "src/webcolor.cpp": 1741262444.5528116, "src/theme.cpp": 1741262444.5523567, "src/ini.cpp": 1741262444.5515778, "src/options.cpp": 1742241291.0767224}