{"src/aac.cpp": 1736144985.3945372, "src/list.cpp": 1735767690.6056006, "src/utils.cpp": 1737043500.5394068, "src/cell.cpp": 1737042703.7228832, "src/board.cpp": 1736707478.846709, "src/resman.cpp": 1736056582.706485, "src/rlclay.cpp": 1735986041.9530842, "src/clay.cpp": 1735844177.4424248, "src/proc.cpp": 1735984489.3760808, "src/webcolor.cpp": 1736709512.2822363}