{"src/aac.cpp": 1744136963.2938485, "src/list.cpp": 1743865589.0354934, "src/utils.cpp": 1743944823.5116293, "src/cell.cpp": 1744135699.4680884, "src/board.cpp": 1744135699.4680884, "src/resman.cpp": 1744135699.4680884, "src/rlclay.cpp": 1743448762.738028, "src/clay.cpp": 1743178737.1727936, "src/proc.cpp": 1743434248.6870399, "src/webcolor.cpp": 1743178737.1679902, "src/theme.cpp": 1743941858.6079094, "src/ini.cpp": 1743178737.1663723, "src/options.cpp": 1744007756.7723188, "src/tts.cpp": 1744135699.4690883, "src/settings.cpp": 1744135699.4680884}