{"src/aac.cpp": 1738521598.6140425, "src/list.cpp": 1735767690.6056006, "src/utils.cpp": 1737463355.9791362, "src/cell.cpp": 1738589179.7429936, "src/board.cpp": 1738497024.964842, "src/resman.cpp": 1738586910.9398127, "src/rlclay.cpp": 1735986041.9530842, "src/clay.cpp": 1735844177.4424248, "src/proc.cpp": 1738585179.8006978, "src/webcolor.cpp": 1737632536.356651, "src/theme.cpp": 1737818496.7886293, "src/ini.cpp": 1737816575.4024942}