{"src/aac.cpp": 1736056491.5131297, "src/list.cpp": 1735767690.6056006, "src/utils.cpp": 1736056724.346582, "src/cell.cpp": 1735925979.4555848, "src/board.cpp": 1735915309.976984, "src/resman.cpp": 1736056582.706485, "src/rlclay.cpp": 1735986041.9530842, "src/clay.cpp": 1735844177.4424248, "src/proc.cpp": 1735984489.3760808}