{"src/aac.cpp": 1745853589.9829187, "src/list.cpp": 1743865589.0354934, "src/utils.cpp": 1743944823.5116293, "src/cell.cpp": 1745422548.6969717, "src/board.cpp": 1745053958.3221862, "src/resman.cpp": 1745417042.1827812, "src/rlclay.cpp": 1743448762.738028, "src/clay.cpp": 1743178737.1727936, "src/proc.cpp": 1745854490.2160597, "src/webcolor.cpp": 1743178737.1679902, "src/theme.cpp": 1743941858.6079094, "src/ini.cpp": 1743178737.1663723, "src/options.cpp": 1744007756.7723188, "src/tts.cpp": 1745853918.280217, "src/settings.cpp": 1745855007.1772218, "src/shared/list.cpp": 1745155596.0766876, "src/shared/utils.cpp": 1745155650.50478, "src/globals.cpp": 1745843036.589439}