{"src/aac.cpp": 1747211264.398219, "src/list.cpp": 1743865589.0354934, "src/utils.cpp": 1743944823.5116293, "src/cell.cpp": 1746905261.932288, "src/board.cpp": 1746091622.0528967, "src/resman.cpp": 1747130375.2975135, "src/rlclay.cpp": 1746091621.9292705, "src/clay.cpp": 1746091621.7693303, "src/proc.cpp": 1746091623.431211, "src/webcolor.cpp": 1746091621.7682662, "src/theme.cpp": 1747134901.5735886, "src/ini.cpp": 1743178737.1663723, "src/options.cpp": 1744007756.7723188, "src/tts.cpp": 1746091623.4311676, "src/settings.cpp": 1747224236.9225736, "src/shared/list.cpp": 1746179013.9020782, "src/shared/utils.cpp": 1746179013.9040782, "src/globals.cpp": 1747218981.950209, "src/logging.cpp": 1747070869.008942, "src/option_font_picking.cpp": 1747215183.793147, "src/option_board.cpp": 1747223058.2125869, "src/option_font_size.cpp": 1747211847.4220617, "src/option_sizes.cpp": 1747217718.9591258, "src/option_colors.cpp": 1747223963.4066434}