{"src/aac.cpp": 1735983298.2444656, "src/list.cpp": 1735767690.6056006, "src/utils.cpp": 1735926915.5709116, "src/cell.cpp": 1735925979.4555848, "src/board.cpp": 1735915309.976984, "src/resman.cpp": 1735930163.3151572, "src/rlclay.cpp": 1735842065.2009215, "src/clay.cpp": 1735844177.4424248, "src/proc.cpp": 1735984489.3760808}