{"src/aac.cpp": 1743448594.8456657, "src/list.cpp": 1743178737.173264, "src/utils.cpp": 1743178737.1767886, "src/cell.cpp": 1743449859.7760785, "src/board.cpp": 1743449316.2484083, "src/resman.cpp": 1743449060.9702682, "src/rlclay.cpp": 1743448762.738028, "src/clay.cpp": 1743178737.1727936, "src/proc.cpp": 1743434248.6870399, "src/webcolor.cpp": 1743178737.1679902, "src/theme.cpp": 1743449224.8363397, "src/ini.cpp": 1743178737.1663723, "src/options.cpp": 1743434248.6870399}