{"src/aac.cpp": 1744007805.6018894, "src/list.cpp": 1744002580.9971735, "src/utils.cpp": 1744002580.9981737, "src/cell.cpp": 1744007439.3759131, "src/board.cpp": 1744004941.9969978, "src/resman.cpp": 1744005099.8726475, "src/rlclay.cpp": 1743658300.5004747, "src/clay.cpp": 1741262444.557225, "src/proc.cpp": 1742709483.0353336, "src/webcolor.cpp": 1741262444.5528116, "src/theme.cpp": 1744002580.9971735, "src/ini.cpp": 1743178737.1663723, "src/options.cpp": 1744007756.7723188, "src/tts.cpp": 1744010488.5570655, "src/settings.cpp": 1744007767.8922246}