{"src/aac.cpp": 1749913419.4852939, "src/list.cpp": 1743865589.0354934, "src/utils.cpp": 1743944823.5116293, "src/cell.cpp": 1749913332.9181697, "src/board.cpp": 1749914032.1585088, "src/resman.cpp": 1749975852.856737, "src/rlclay.cpp": 1749119024.1509678, "src/clay.cpp": 1746091621.7693303, "src/proc.cpp": 1749118766.6605232, "src/webcolor.cpp": 1746091621.7682662, "src/theme.cpp": 1749118981.2738945, "src/ini.cpp": 1743178737.1663723, "src/options.cpp": 1744007756.7723188, "src/tts.cpp": 1749803107.5606487, "src/settings.cpp": 1749916456.7564032, "src/shared/list.cpp": 1746179013.9020782, "src/shared/utils.cpp": 1749630154.5873282, "src/globals.cpp": 1749801632.4817445, "src/logging.cpp": 1747070869.008942, "src/option_font_picking.cpp": 1749913304.684825, "src/option_board.cpp": 1749802076.9317083, "src/option_font_size.cpp": 1747211847.4220617, "src/option_sizes.cpp": 1747217718.9591258, "src/option_colors.cpp": 1747223963.4066434}