{"src/aac.cpp": 1737817871.798869, "src/list.cpp": 1735767690.6056006, "src/utils.cpp": 1737463355.9791362, "src/cell.cpp": 1737817733.801506, "src/board.cpp": 1737820076.4077423, "src/resman.cpp": 1737818473.6818492, "src/rlclay.cpp": 1735986041.9530842, "src/clay.cpp": 1735844177.4424248, "src/proc.cpp": 1735984489.3760808, "src/webcolor.cpp": 1737632536.356651, "src/theme.cpp": 1737818496.7886293, "src/ini.cpp": 1737816575.4024942}