{"src/aac.cpp": 1749623423.576024, "src/list.cpp": 1743865589.0354934, "src/utils.cpp": 1743944823.5116293, "src/cell.cpp": 1749623423.576024, "src/board.cpp": 1749623423.576024, "src/resman.cpp": 1749623423.5916493, "src/rlclay.cpp": 1749623423.5916493, "src/clay.cpp": 1747303325.3592231, "src/proc.cpp": 1749623423.5916493, "src/webcolor.cpp": 1749629485.0577502, "src/theme.cpp": 1749629573.869124, "src/ini.cpp": 1743178737.1663723, "src/options.cpp": 1744007756.7723188, "src/tts.cpp": 1749623423.5916493, "src/settings.cpp": 1749623423.5916493, "src/shared/list.cpp": 1747303326.8919756, "src/shared/utils.cpp": 1749629347.263891, "src/globals.cpp": 1749623423.576024, "src/logging.cpp": 1749623423.576024, "src/option_font_picking.cpp": 1749623423.5916493, "src/option_board.cpp": 1749623423.576024, "src/option_font_size.cpp": 1747211847.4220617, "src/option_sizes.cpp": 1749623423.5916493, "src/option_colors.cpp": 1749623423.5916493, "src/home.cxml.cpp": 1749630606.600227}