{"src/aac.cpp": 1742928420.0690715, "src/list.cpp": 1741262444.557618, "src/utils.cpp": 1741262444.566836, "src/cell.cpp": 1742807566.3312705, "src/board.cpp": 1742807267.9268029, "src/resman.cpp": 1742918955.0311096, "src/rlclay.cpp": 1742918510.2127755, "src/clay.cpp": 1741262444.557225, "src/proc.cpp": 1742709483.0353336, "src/webcolor.cpp": 1741262444.5528116, "src/theme.cpp": 1742808179.4336662, "src/ini.cpp": 1741262444.5515778, "src/options.cpp": 1743017118.256265}