{"src/aac.cpp": 1737274921.269032, "src/list.cpp": 1735767690.6056006, "src/utils.cpp": 1737313454.3220859, "src/cell.cpp": 1737362777.820323, "src/board.cpp": 1737366449.1231241, "src/resman.cpp": 1737312825.095577, "src/rlclay.cpp": 1735986041.9530842, "src/clay.cpp": 1735844177.4424248, "src/proc.cpp": 1735984489.3760808, "src/webcolor.cpp": 1736709512.2822363}